{
  "project_info": {
    "project_number": "321878982545",
    "project_id": "navarrete-e03c8",
    "storage_bucket": "navarrete-e03c8.appspot.com"
  },
  "client": [
    {
      "client_info": {
        "mobilesdk_app_id": "1:321878982545:android:9556710abba20209fd6430",
        "android_client_info": {
          "package_name": "com.DistribuidoraNavarrete.plusfirebase"
        }
      },
      "oauth_client": [
        {
          "client_id": "321878982545-brfpjrj7ci93f1mli1igr4523k8kppfe.apps.googleusercontent.com",
          "client_type": 1,
          "android_info": {
            "package_name": "com.DistribuidoraNavarrete.plusfirebase",
            "certificate_hash": "88432fbd6690086c3ab72325f3e4234170eaad7c"
          }
        },
        {
          "client_id": "321878982545-a9f8mvd6i4dnfo1khe0qg8op5s94rvhr.apps.googleusercontent.com",
          "client_type": 3
        }
      ],
      "api_key": [
        {
          "current_key": "AIzaSyDyfUBiJ-crNxj1W9y6o1MldCgv07jaZ1I"
        }
      ],
      "services": {
        "appinvite_service": {
          "other_platform_oauth_client": [
            {
              "client_id": "321878982545-a9f8mvd6i4dnfo1khe0qg8op5s94rvhr.apps.googleusercontent.com",
              "client_type": 3
            },
            {
              "client_id": "321878982545-3glepsoj074smv1298hme612vgu5hreb.apps.googleusercontent.com",
              "client_type": 2,
              "ios_info": {
                "bundle_id": "com.example.navarrete"
              }
            }
          ]
        }
      }
    },
    {
      "client_info": {
        "mobilesdk_app_id": "1:321878982545:android:d98b28ae909e40d6fd6430",
        "android_client_info": {
          "package_name": "com.example.navarrete"
        }
      },
      "oauth_client": [
        {
          "client_id": "321878982545-a9f8mvd6i4dnfo1khe0qg8op5s94rvhr.apps.googleusercontent.com",
          "client_type": 3
        }
      ],
      "api_key": [
        {
          "current_key": "AIzaSyDyfUBiJ-crNxj1W9y6o1MldCgv07jaZ1I"
        }
      ],
      "services": {
        "appinvite_service": {
          "other_platform_oauth_client": [
            {
              "client_id": "321878982545-a9f8mvd6i4dnfo1khe0qg8op5s94rvhr.apps.googleusercontent.com",
              "client_type": 3
            },
            {
              "client_id": "321878982545-3glepsoj074smv1298hme612vgu5hreb.apps.googleusercontent.com",
              "client_type": 2,
              "ios_info": {
                "bundle_id": "com.example.navarrete"
              }
            }
          ]
        }
      }
    }
  ],
  "configuration_version": "1"
}